Title,Price
New Era of Samsung AI TV Is Here,Price Not Available
No Title Found,Price Not Available
Samsung,"₹1,29,999"
Samsung,"₹12,999"
Samsung,"₹12,999"
Samsung,"₹12,999"
No Title Found,Price Not Available
Samsung,"₹22,595"
Samsung,"₹11,490"
Samsung,"₹8,499"
Samsung,"₹46,429"
Samsung,"₹8,499"
Samsung,"₹14,220"
Redmi,"₹16,999"
Samsung,"₹14,499"
Samsung,"₹30,999"
Samsung,"₹19,499"
Samsung,"₹51,800"
Samsung,"₹34,990"
Samsung,"₹22,439"
Samsung,"₹37,769"
No Title Found,Price Not Available
No Title Found,Price Not Available
No Title Found,Price Not Available
No Title Found,Price Not Available
